emp_id,vendor_name,create_date,job_title,job_id,active,contract_start_date,contract_end_date,vendor_id,client_id,full_name,SubmitedBy,SubmitCandidateInHours,status
3,ALL VENDORS                                       ,1/19/2017 12:00:00 AM,Android Developer ,11,1,5/1/2017 12:00:00 AM,3/30/2018 12:00:00 AM,1,1,jack  rudolph,Opusing                                           ,2,Submited
4,ALL VENDORS                                       ,1/19/2017 12:00:00 AM,Android Developer ,11,1,5/1/2017 12:00:00 AM,3/30/2018 12:00:00 AM,1,1,glen macgrath,Opusing                                           ,2,Submited
11,ALL VENDORS                                       ,1/19/2017 12:00:00 AM,Android Developer ,11,1,5/1/2017 12:00:00 AM,3/30/2018 12:00:00 AM,1,1,Bruno Mars Bruno,Opusing                                           ,26,Working
20,ALL VENDORS                                       ,1/19/2017 12:00:00 AM,Android Developer ,11,1,5/1/2017 12:00:00 AM,3/30/2018 12:00:00 AM,1,1,Deepthi camaroon,Opusing                                           ,50,Rejected
2046,ALL VENDORS                                       ,1/19/2017 12:00:00 AM,Android Developer ,11,1,5/1/2017 12:00:00 AM,3/30/2018 12:00:00 AM,1,1,Kevin Thanganthoor,Opusing                                           ,1562,Submited
2937,ALL VENDORS                                       ,1/19/2017 12:00:00 AM,Android Developer ,11,1,5/1/2017 12:00:00 AM,3/30/2018 12:00:00 AM,1,1,Anirud Reddy,Opusing                                           ,6722,Submited
